0,1
adderall,addiction
addiction,addiction
adhd,addiction
ambien,addiction
attention deficit,addiction
cannabis,addiction
marijuana,addiction
cbd,addiction
college students,addiction
drug hikes,addiction
drug overdose,addiction
insomnia,addiction
keppra er,addiction
keppra rx,addiction
millennials,addiction
opioid,addiction
opioids,addiction
psychologists,addiction
ritalin,addiction
sex drive,addiction
sleep aid,addiction
strains,addiction
substance abuse,addiction
therapist,addiction
step therapy,addiction
therapies,addiction
therapy,addiction
acid reflux,allergy
allergies,allergy
allergy,allergy
allergy med,allergy
allergy medication,allergy
allergy medications,allergy
allergy meds,allergy
allergy relief med,allergy
allergy relief meds,allergy
allergy reliever,allergy
antihistamine,allergy
antihistamines,allergy
benadryl,allergy
clarinex,allergy
claritin,allergy
egg,allergy
epinephrine,allergy
singulair,allergy
winter allergies,allergy
zyrtec,allergy
alzheimer,alzheimer
alzheimers,alzheimer
baby boomers,alzheimer
namzaric,alzheimer
ailments,arthritis
arthritis,arthritis
gout,arthritis
humira,arthritis
joints,arthritis
lupus,arthritis
osteoporosis,arthritis
plaque psoriasis,arthritis
rheumatoid,arthritis
albuterol,asthma
asthma,asthma
asthma inhaler,asthma
asthma inhaler ventolin hfa,asthma
asthma inhalers,asthma
asthma medications,asthma
asthma meds,asthma
diskus,asthma
asthma medication,asthma
bronchospasm,asthma
copd,asthma
ellipta,heart
epipen,asthma
fatigue syndrome,asthma
inhaler,asthma
inhalers,asthma
maintenance inhaler,asthma
levalbuterol,asthma
qvar,asthma
qvar redihaler,asthma
rescue inhalers,asthma
russ,asthma
russ inhaler,asthma
symbicort,asthma
ventolin,asthma
birth,birth control
birth control,birth control
birthcontrol,birth control
birth control pills,birth control
control pills,birth control
contraception,birth control
contraceptives,birth control
emergency contraception,birth control
estrogen,birth control
menopause,birth control
patches,birth control
taytulla,birth control
blindness,blindness
eye,blindness
eyes,blindness
glaucoma,blindness
bowel disease,bowel
bowels,bowel
colitis,bowel
crohns,bowel
ileitis,bowel
prostate,bowel
brain,brain
brain damage,brain
brain surgery,brain
brain tumor,brain
mri,brain
tumor,brain
blood test,cancer
blood work,cancer
brain cancer,cancer
breast cancer,cancer
breastcancer,cancer
breast cancer survivors,cancer
breast surgery,cancer
burn,cancer
cancer,cancer
cancers,cancer
cancer diagnosis,cancer
cancer drug,cancer
cancer drugs,cancer
cancer medications,cancer
cancer meds,cancer
cancer survivors,cancer
cancer treatments,cancer
chemo,cancer
combination meds,cancer
drug combination,cancer
lymphoma,cancer
mammogram,cancer
mastectomy,cancer
skin cancer,cancer
surgeries,cancer
surgery,cancer
transplant recipients,cancer
atorvastatin,cholesterol
cholesterol,cholesterol
cholesterol drug,cholesterol
cholesterol medicines,cholesterol
crestor,cholesterol
ellazor,cholesterol
lipitor,cholesterol
statins,cholesterol
acyclovir,common diseases
aspirin,common diseases
bacteria,common diseases
bird,common diseases
chicken pox,common diseases
chickenpox,common diseases
cough,common diseases
coughing,common diseases
cough medication,common diseases
cough medicine,common diseases
diarrhea,common diseases
epidemic,common diseases
fever,common diseases
flu,common diseases
influenza,common diseases
flu medicines,common diseases
flu meds,common diseases
flu shot,common diseases
flu shots,common diseases
flu vaccine,common diseases
flu vaccines,common diseases
flushot,common diseases
food,common diseases
foods,common diseases
fruit,common diseases
fruits,common diseases
head,common diseases
illness,common diseases
infants,common diseases
influenza vaccination week,common diseases
injuries,common diseases
lomotil,common diseases
measles,common diseases
meat,common diseases
mmr,common diseases
outbreak,common diseases
penicillin,common diseases
perles,common diseases
pneumonia,common diseases
pox,common diseases
probiotics,common diseases
salmonella,common diseases
sepsis,common diseases
smokers,common diseases
gut,common diseases
stomach,common diseases
supplement,common diseases
supplement plan,common diseases
supplements,common diseases
tamiflu,common diseases
throat,common diseases
tylenol,common diseases
vaccinations,common diseases
vaccine,common diseases
vaccine options,common diseases
vaccines,common diseases
vegetables,common diseases
veggies,common diseases
virus,common diseases
viruses,common diseases
vitamin,common diseases
vitamin regimen,common diseases
vitamin regimens,common diseases
vitamin supplements,common diseases
vitamins,common diseases
antidepressant,depression
antidepressant meds,depression
antidepressants,depression
zoloft,depression
cymbalta,depression
depressants,depression
depression,depression
fluoxetine,depression
ketamine,depression
paxil,depression
prozac,depression
actos,diabetes
admelog,diabetes
avocado,diabetes
blood monitoring,diabetes
blood sugar,diabetes
blood sugar levels,diabetes
bydureon,diabetes
diabetes,diabetes
typediabetes,diabetes
diabetes drug,diabetes
diabetes medication,diabetes
diabetes medications,diabetes
diabetes medicine,diabetes
diabetes meds,diabetes
summer diabetes med,diabetes
diabetics,diabetes
generic,diabetes
generics,diabetes
glucagon,diabetes
glucose monitor,diabetes
glucose monitors,diabetes
hip,diabetes
hips,diabetes
humalog,diabetes
humalog insulin,diabetes
hunger,diabetes
hypoglycemia,diabetes
insulin,diabetes
insulins,diabetes
insulin pens,diabetes
insulin pump,diabetes
insulin users,diabetes
januvia,diabetes
jardiance,diabetes
lantus,diabetes
levemir,diabetes
lispro,diabetes
low blood sugar,diabetes
max solostar,diabetes
metformin,diabetes
novolog,diabetes
pancreas,diabetes
pbm,diabetes
pbms,diabetes
pens cost,diabetes
prediabetes,diabetes
sanofi,diabetes
solostar pens,diabetes
transplant,diabetes
treseba,diabetes
vial,diabetes
waist circumference,diabetes
deafness,ear
ear,ear
ears,ear
ear infection,ear
ear infections,ear
hearing,ear
hearing disability,ear
cialis,erectile dysfunction
dysfunction,erectile dysfunction
dysfunction medications,erectile dysfunction
dysfunction meds,erectile dysfunction
erectile dysfunction,erectile dysfunction
erectile dysfunction drugs,erectile dysfunction
sildenafil,erectile dysfunction
stimulants,erectile dysfunction
tadalafil,erectile dysfunction
viagra,erectile dysfunction
withdrawal symptoms,erectile dysfunction
withdrawals,erectile dysfunction
a fib,heart
amiodorone,heart
amlodipine,heart
anticoagulant,heart
anticoagulant drugs,heart
anticoagulant medications,heart
anticoagulants,heart
beta blocker,heart
beta blockers,heart
betablockers,heart
blood pressure,heart
blood pressure medication,heart
blood pressure drugs,heart
blood pressure drugs stack,heart
blood pressure drug,heart
blood pressure medications,heart
blood pressure medicine,heart
blood pressure meds,heart
blood pressure pills,heart
blood thinners,heart
cardiologist,heart
carvedilol,heart
chest,heart
chest pain,heart
clopidogrel,heart
congestion,heart
mucinex,heart
coreg,heart
eliquis,heart
fish,heart
fish oil,heart
fish oils,heart
fluid retention,heart
gerd,heart
heart,heart
heart attack,heart
heart disease risk,heart
heart failure,heart
heart failure patients,heart
heart condition,heart
heart disease,heart
heart issues,heart
heart problems,heart
heart medications,heart
heart medicine,heart
heart medicines,heart
hypertension,heart
lasix,heart
magnesium,heart
plavix,heart
potassium,heart
relaxant,heart
relaxants,heart
relaxer,heart
spironolactone,heart
stroke,heart
swelling,heart
triglycerides,heart
valsartan,heart
valves,heart
vasoconstrictor,heart
warfarin,heart
xarelto,heart
aids,hiv
hiv,hiv
hivinfection,hiv
hiv drugs,hiv
hiv treatments,hiv
hiv prevention drug,hiv
hiv vaccine,hiv
truvada,hiv
amoxicillin,infection
antibiotic,infection
antibiotics,infection
antibiotic prescriptions,infection
antibiotic resistance,infection
arikayce,infection
common antibiotic,infection
doxycycline,infection
infection,infection
infections,infection
sinus infections,infection
sudafed,infection
z-pak,infection
advil,inflammation
bronchitis,inflammation
ibuprofen,inflammation
nsaid,inflammation
nsaids,inflammation
nsaids ibuprofen,inflammation
inflammation,inflammation
inflammatory,inflammation
meloxicam,inflammation
prednisone,inflammation
anemia,kidney
bone,kidney
bones,kidney
bone marrow,kidney
kidney,kidney
kidneys,kidney
kidney disease,kidney
kidney failure,kidney
hepatitis,liver
liver,liver
liver disease,liver
liver issues,liver
protein,liver
fibrosis,lung
lung condition,lung
lung transplant,lung
lungs,lung
anxiety,mental health
anxiety medication,mental health
anxiety medications,mental health
anxiety meds,mental health
benzodiazepines,mental health
caregiver,mental health
caregivers,mental health
family caregivers,mental health
chroniccondition,mental health
degeneration,mental health
dementia,mental health
dementias,mental health
diazepam,mental health
latuda,mental health
loneliness,mental health
memory,mental health
mental health,mental health
mentalhealth,mental health
mentalillness,mental health
schizophrenia,mental health
therapeutics,mental health
xanax,mental health
botox,migraine
headache,migraine
headache med,migraine
imitrex,migraine
migraine,migraine
migraines,migraine
antiepileptic,nerve autoimmune
brain injury,nerve autoimmune
chronicillness,nerve autoimmune
divalproex,nerve autoimmune
epidiolex,nerve autoimmune
epilepsy,nerve autoimmune
exercise,nerve autoimmune
expense,nerve autoimmune
gabapentin,nerve autoimmune
lamotrigine,nerve autoimmune
lorazepam,nerve autoimmune
lyrica,nerve autoimmune
medx,nerve autoimmune
multiple sclerosis,nerve autoimmune
multiplesclerosis,nerve autoimmune
nerve damage,nerve autoimmune
neurologist,nerve autoimmune
neurontin,nerve autoimmune
night terrors,nerve autoimmune
nightmare,nerve autoimmune
nutrients,nerve autoimmune
nutrition,nerve autoimmune
parkinsons,nerve autoimmune
seizure medication,nerve autoimmune
topamax,nerve autoimmune
tremors,nerve autoimmune
vertigo,nerve autoimmune
wheelchair,nerve autoimmune
wheelchairs,nerve autoimmune
childhood obesity,obesity
cpap,obesity
obesity,obesity
sleep,obesity
sleep apnea,obesity
acetaminophen,pain
back pain,pain
hydrocodoneacetamin,pain
hydrocodoneacetmtamin,pain
naproxen,pain
neck,pain
neck pain,pain
nerve,pain
nerve pain,pain
nerve pain medication,pain
nerve pain medicines,pain
pain,pain
pain management,pain
pain medication,pain
pain medications,pain
pain relief,pain
pain relief options,pain
pain reliever,pain
pain relievers,pain
robaxin,pain
sclerosis,pain
scoliosis,pain
autism,paralysis
autism spectrum,paralysis
paralysis,paralysis
polio,paralysis
animals,pets
cat,pets
cats,pets
dog,pets
dogs,pets
furry friend,pets
horse,pets
kitties,pets
pet,pets
pets,pets
pup,pets
puppies,pets
puppy,pets
veterinarians,pets
endometriosis,pregnancy
infertility,pregnancy
pcos,pregnancy
postpartum,pregnancy
pregnancies,pregnancy
pregnancy,pregnancy
progesterone,pregnancy
thc,pregnancy
uterus,pregnancy
dexilant,side effects
drug interactions,side effects
hair,side effects
hair loss,side effects
heartburn,side effects
heartburn drug,side effects
zantac,side effects
marinol,side effects
nausea,side effects
drug side effects,side effects
medication side effects,side effects
side effect,side effects
side effects,side effects
ulcer,side effects
acne,skin
bumps,skin
lyme,skin
psoriasis,skin
rash,skin
redness,skin
rosacea,skin
rosacea treatment,skin
rosacea treatments,skin
seniors,skin
shingles,skin
shingles shot,skin
shingles vaccine,skin
shingles vaccines,skin
shingrix,skin
skin,skin
urea,skin
herpes,std
std,std
uti,std
urinary tract infection,std
urine,std
vaginosis,std
yeast infection,std
yeast infection treatments,std
constipation,thyroid
harmones,thyroid
hormones,thyroid
hypothyroidism,thyroid
hysterectomy,thyroid
iodine,thyroid
levothyroxine,thyroid
synthroid,thyroid
throid,thyroid
thyroid,thyroid
thyroid med,thyroid
thyroid medication,thyroid
thyroid meds,thyroid
thyroid pill,thyroid
contrave,weight loss
weight loss,weight loss
blood disorder,diabetes
hip fracture,diabetes
joint disease,arthritis
seizures,nerve autoimmune
als,nerve autoimmune
sciatica,pain
medicaid,insurance
bulimia,weight loss
ovary syndrome,weight loss
skin disease,skin
tissues,pain
chronic condition,arthritis
drug reactions,side effects
palsy,nerve autoimmune
bone disease,kidney
control blood sugar,diabetes
polycystic ovary syndrome,weight loss
fibroids,weight loss
lung disease,lung
hypogonadism,nerve autoimmune
humana,insurance
obamacare,insurance
spinabifida,pain
blue shield,insurance
prostate disease,cancer
pba,mental health
cigna,insurance
blue cross,insurance
nerve disease,nerve autoimmune
retirement health,segment
veteran health,segment
teenager health,segment
hand disease,arthritis
medicare,insurance
down syndrome,mental health
chronic fatigue syndrome,arthritis
dyslexia,blindness
hispanic health,segment
health insurance,insurance
aviva,insurance
blood disease,heart
aetna,insurance
stomach disease,common diseases
sicklecellanemia,kidney
eye disease,blindness
cat health,pets
pregnancy health,pregnancy
pancreas disease,diabetes
dog health,pets
feet disease,foot
foot disease,foot